{
    "cppDependencies": [
        {
            "artifactId": "SparkMax-cpp",
            "binaryPlatforms": [
                "windowsx86-64",
                "windowsx86",
                "linuxaarch64bionic",
                "linuxx86-64",
                "linuxathena",
                "linuxraspbian",
                "osxx86-64"
            ],
            "groupId": "com.revrobotics.frc",
            "headerClassifier": "headers",
            "libName": "SparkMax",
            "sharedLibrary": false,
            "skipInvalidPlatforms": true,
            "version": "1.5.4"
        },
        {
            "artifactId": "SparkMax-driver",
            "binaryPlatforms": [
                "windowsx86-64",
                "windowsx86",
                "linuxaarch64bionic",
                "linuxx86-64",
                "linuxathena",
                "linuxraspbian",
                "osxx86-64"
            ],
            "groupId": "com.revrobotics.frc",
            "headerClassifier": "headers",
            "libName": "SparkMaxDriver",
            "sharedLibrary": false,
            "skipInvalidPlatforms": true,
            "version": "1.5.4"
        }
    ],
    "fileName": "REVRobotics.json",
    "javaDependencies": [
        {
            "artifactId": "SparkMax-java",
            "groupId": "com.revrobotics.frc",
            "version": "1.5.4"
        }
    ],
    "jniDependencies": [
        {
            "artifactId": "SparkMax-driver",
            "groupId": "com.revrobotics.frc",
            "isJar": false,
            "skipInvalidPlatforms": true,
            "validPlatforms": [
                "windowsx86-64",
                "windowsx86",
                "linuxaarch64bionic",
                "linuxx86-64",
                "linuxathena",
                "linuxraspbian",
                "osxx86-64"
            ],
            "version": "1.5.4"
        }
    ],
    "jsonUrl": "http://www.revrobotics.com/content/sw/max/sdk/REVRobotics.json",
    "mavenUrls": [
        "http://www.revrobotics.com/content/sw/max/sdk/maven/"
    ],
    "name": "REVRobotics",
    "uuid": "3f48eb8c-50fe-43a6-9cb7-44c86353c4cb",
    "version": "1.5.4"
}